title,address,price,beds,link
"913 NE 15th St Grand Prairie, TX 75050","913 NE 15th St Grand Prairie, TX 75050","$1,850 ",3 Beds,https://www.apartments.com/913-ne-15th-st-grand-prairie-tx/lx894xf/
"2301 Cypress Dr Grand Prairie, TX 75050","2301 Cypress Dr Grand Prairie, TX 75050","$3,200 ",4 Beds,https://www.apartments.com/2301-cypress-dr-grand-prairie-tx/eq86rkn/
"10455 Brockbank Dr Dallas, TX 75229","10455 Brockbank Dr Dallas, TX 75229","$3,100 ",4 Beds,https://www.apartments.com/cute-4br-2ba-all-brick-texas-home-dallas-tx/mkf05jk/
"2645 Eagle Cir Grapevine, TX 76051","2645 Eagle Cir Grapevine, TX 76051","$3,200 ",3 Beds,https://www.apartments.com/2645-eagle-circle-grapevine-grapevine-tx/284pqgc/
"1404 Sleepy Hollow Dr Dallas, TX 75235","1404 Sleepy Hollow Dr Dallas, TX 75235","$1,580 ",2 Beds,https://www.apartments.com/2-br-1-bath-house-1404-sleepy-hollow-dr-dallas-tx/1mzby56/
"229 S Heartz Rd Coppell, TX 75019","229 S Heartz Rd Coppell, TX 75019","$2,200 ",3 Beds,https://www.apartments.com/229-s-heartz-rd-coppell-coppell-tx/jfz41d7/
"808 Ashford Dr Coppell, TX 75019","808 Ashford Dr Coppell, TX 75019","$2,500 ",3 Beds,https://www.apartments.com/808-ashford-dr-coppell-coppell-tx/xsszgqp/
"309 E Huitt Ln Euless, TX 76040","309 E Huitt Ln Euless, TX 76040","$2,345 ",3 Beds,https://www.apartments.com/309-e-huitt-ln-euless-tx/q374kgw/
"703 Deep Well Dr Allen, TX 75002","703 Deep Well Dr Allen, TX 75002","$2,210 ",3 Beds,https://www.apartments.com/703-deep-well-dr-allen-tx/l7hw20g/
"18611 Vista del Sol Dr Dallas, TX 75287","18611 Vista del Sol Dr Dallas, TX 75287","$2,500 ",3 Beds,https://www.apartments.com/3-br-2-bath-house-18611-vista-del-sol-dallas-tx/kvlzle8/
"2116 Fawn Ridge Trail Carrollton, TX 75010","2116 Fawn Ridge Trail Carrollton, TX 75010","$2,450 ",4 Beds,https://www.apartments.com/2116-fawn-ridge-trail-carrollton-tx/42mkrrl/
"3233 Forestbrook Dr Richardson, TX 75082","3233 Forestbrook Dr Richardson, TX 75082","$3,595 ",4 Beds,https://www.apartments.com/3233-forestbrook-dr-richardson-tx/vg7p6td/
"711 Cottonwood Dr Allen, TX 75002","711 Cottonwood Dr Allen, TX 75002","$2,495 ",3 Beds,https://www.apartments.com/3-br-2-bath-house-711-cottonwood-dr-allen-tx/qdxm2rw/
"522 Cumberland Dr Allen, TX 75002","522 Cumberland Dr Allen, TX 75002","$2,000 ",4 Beds,https://www.apartments.com/reduced-allen-tx/22yw1y8/
"6901 Royal View Dr McKinney, TX 75070","6901 Royal View Dr McKinney, TX 75070","$3,400 ",4 Beds,https://www.apartments.com/6901-royal-view-dr-mckinney-tx/kffts09/
"133 Timber Ridge Dr Murphy, TX 75094","133 Timber Ridge Dr Murphy, TX 75094","$2,375 ",3 Beds,https://www.apartments.com/133-timber-ridge-dr-murphy-tx/yqqm45r/
"4307 Trailridge Dr Frisco, TX 75035","4307 Trailridge Dr Frisco, TX 75035","$3,000 ",4 Beds,https://www.apartments.com/4307-trailridge-dr-frisco-frisco-tx/lwqydle/
"512 Fairhaven Dr Allen, TX 75002","512 Fairhaven Dr Allen, TX 75002","$1,625 ",3 Beds,https://www.apartments.com/512-fairhaven-dr-allen-allen-tx/yt9hy6r/
"4018 Midrose Trail Dallas, TX 75287","4018 Midrose Trail Dallas, TX 75287","$2,400 ",3 Beds,https://www.apartments.com/4018-midrose-trail-dallas-tx/zfbxbsy/
"4123 Midrose Trail Dallas, TX 75287","4123 Midrose Trail Dallas, TX 75287","$2,380 ",3 Beds,https://www.apartments.com/4123-midrose-trail-dallas-tx/shjkze6/
"6016 Bent Creek Trail Dallas, TX 75252","6016 Bent Creek Trail Dallas, TX 75252","$2,650 ",3 Beds,https://www.apartments.com/6016-bent-creek-trl-dallas-dallas-tx/wmlvgck/
"2905 St Andrews Dr Richardson, TX 75082","2905 St Andrews Dr Richardson, TX 75082","$4,000 ",5 Beds,https://www.apartments.com/2905-st-andrews-dr-richardson-tx/j530jw5/
"703 Villanova Ct Allen, TX 75013","703 Villanova Ct Allen, TX 75013","$3,600 ",5 Beds,https://www.apartments.com/beautiful-5-bedroom-home-in-allen-allen-tx/5ss363m/
"620 Mission Hills Dr Arlington, TX 76018","620 Mission Hills Dr Arlington, TX 76018","$2,200 ",3 Beds,https://www.apartments.com/620-mission-hills-dr-arlington-tx/qfh239x/
"6406 Brookglen Dr Arlington, TX 76018","6406 Brookglen Dr Arlington, TX 76018","$1,945 ",3 Beds,https://www.apartments.com/6406-brookglen-dr-arlington-tx/3v50erf/
"4016 Red Lynx Ln Arlington, TX 76005","4016 Red Lynx Ln Arlington, TX 76005","$3,600 ",3 Beds,https://www.apartments.com/3-br-35-bath-house-4016-red-lynx-ln-arlington-tx/9y422g4/
"1102 Falconcrest Ct Arlington, TX 76017","1102 Falconcrest Ct Arlington, TX 76017","$2,050 ",3 Beds,https://www.apartments.com/3-br-2-bath-house-1102-falconcrest-ct-arlington-tx/7kp8pdz/
"2219 Roman Ct Arlington, TX 76013","2219 Roman Ct Arlington, TX 76013","$1,795 ",3 Beds,https://www.apartments.com/2219-roman-ct-arlington-tx/2y5ts88/
"4205 Meadow Park Dr Arlington, TX 76017","4205 Meadow Park Dr Arlington, TX 76017","$1,880 ",3 Beds,https://www.apartments.com/4205-meadow-park-dr-arlington-tx/4xzth2j/
"6004 Wall St Arlington, TX 76018","6004 Wall St Arlington, TX 76018","$2,005 ",3 Beds,https://www.apartments.com/6004-wall-st-arlington-tx/h8rlbb3/
"1008 Havenbrook Dr Arlington, TX 76001","1008 Havenbrook Dr Arlington, TX 76001","$2,405 ",4 Beds,https://www.apartments.com/1008-havenbrook-dr-arlington-tx/1fl1bc7/
"202 Fort Edward Dr Arlington, TX 76002","202 Fort Edward Dr Arlington, TX 76002","$2,450 ",4 Beds,https://www.apartments.com/202-fort-edward-dr-arlington-tx/y0s66bs/
"1029 Loblolly Pine Dr Arlington, TX 76012","1029 Loblolly Pine Dr Arlington, TX 76012","$3,795 ",4 Beds,https://www.apartments.com/1029-loblolly-pine-dr-arlington-tx/zsr9j9z/
"4102 Twinhill Ct Arlington, TX 76016","4102 Twinhill Ct Arlington, TX 76016","$2,240 ",4 Beds,https://www.apartments.com/4102-twinhill-ct-arlington-arlington-tx/fntp38t/
"2010 W Nathan Lowe Rd Arlington, TX 76017","2010 W Nathan Lowe Rd Arlington, TX 76017","$1,875 ",3 Beds,https://www.apartments.com/3-br-2-bath-house-2010-nathan-lowe-arlington-tx/ejk92ep/
"1210 Alisa Ln Arlington, TX 76014","1210 Alisa Ln Arlington, TX 76014","$2,595 ",3 Beds,https://www.apartments.com/1210-alisa-ln-arlington-tx/4j876cj/
"4826 Abbott Ave Arlington, TX 76018","4826 Abbott Ave Arlington, TX 76018","$1,700 ",3 Beds,https://www.apartments.com/4826-abbott-ave-arlington-tx/v3szbvg/
"924 Tennessee Trail Arlington, TX 76017","924 Tennessee Trail Arlington, TX 76017","$1,890 ",3 Beds,https://www.apartments.com/reduced-now-offering-300-off-first-ful-arlington-tx/8xqx760/
"2216 Lavon Creek Ln Arlington, TX 76006","2216 Lavon Creek Ln Arlington, TX 76006","$2,200 ",3 Beds,https://www.apartments.com/3-br-2-bath-house-2216-lavon-creek-ln-arlington-tx/h25ng00/
"5102 Oxen Ct Arlington, TX 76017","5102 Oxen Ct Arlington, TX 76017","$2,070 ",3 Beds,https://www.apartments.com/reduced-arlington-tx/ysvkfjr/
"503 Darlene Ln Arlington, TX 76010","503 Darlene Ln Arlington, TX 76010","$1,870 ",3 Beds,https://www.apartments.com/503-darlene-ln-arlington-tx/gexbhmy/
"911 Wellridge Dr Arlington, TX 76017","911 Wellridge Dr Arlington, TX 76017","$2,395 ",3 Beds,https://www.apartments.com/3-br-2-bath-house-911-wellridge-dr-arlington-tx/lmnpbvf/
"323 Tabor Dr Arlington, TX 76002","323 Tabor Dr Arlington, TX 76002","$2,475 ",3 Beds,https://www.apartments.com/reduced-arlington-tx/35bpzde/
"8001 Mourning Dove Dr Arlington, TX 76002","8001 Mourning Dove Dr Arlington, TX 76002","$2,250 ",4 Beds,https://www.apartments.com/8001-mourning-dove-dr-arlington-tx/cgc9fbf/
"410 Revolution Ln Arlington, TX 76002","410 Revolution Ln Arlington, TX 76002","$1,920 ",3 Beds,https://www.apartments.com/reduced-arlington-tx/8psr0y1/
"302 Moss Hill Dr Arlington, TX 76018","302 Moss Hill Dr Arlington, TX 76018","$2,000 ",3 Beds,https://www.apartments.com/now-available-302-moss-hill-dr-arlington-arlington-tx/qbtx6px/
"2406 Garden Creek Dr Arlington, TX 76018","2406 Garden Creek Dr Arlington, TX 76018","$2,265 ",3 Beds,https://www.apartments.com/2406-garden-creek-dr-arlington-tx/nwq7dyn/
"816 Ericville Dr Arlington, TX 76001","816 Ericville Dr Arlington, TX 76001","$2,080 ",3 Beds,https://www.apartments.com/816-ericville-dr-arlington-tx/fzv6qvt/
"6204 Musket Ln Arlington, TX 76002","6204 Musket Ln Arlington, TX 76002","$1,880 ",3 Beds,https://www.apartments.com/reduced-arlington-tx/bjzk6j9/
"802 Packard Dr Arlington, TX 76001","802 Packard Dr Arlington, TX 76001","$2,125 ",3 Beds,https://www.apartments.com/3-br-2-bath-house-802-packard-dr-arlington-tx/r18xdf1/
"2219 Newbury Dr Arlington, TX 76014","2219 Newbury Dr Arlington, TX 76014","$2,000 ",3 Beds,https://www.apartments.com/3-br-2-bath-house-2219-newbury-drive-arlington-tx/nv2b6xp/
"2100 Twin Elms Dr Arlington, TX 76012","2100 Twin Elms Dr Arlington, TX 76012","$2,295 ",3 Beds,https://www.apartments.com/3-br-2-bath-house-2100-twin-elms-drive-arlington-tx/zl30pty/
"7900 Ranchvale Ln Arlington, TX 76002","7900 Ranchvale Ln Arlington, TX 76002","$2,495 ",4 Beds,https://www.apartments.com/7900-ranchvale-ln-arlington-tx/71khrny/
"900 Rosewood Ln Arlington, TX 76010","900 Rosewood Ln Arlington, TX 76010","$2,850 ",5 Beds,https://www.apartments.com/900-rosewood-ln-arlington-tx/npg4kqm/
"5801 Fawn Meadow Trail Arlington, TX 76017","5801 Fawn Meadow Trail Arlington, TX 76017","$1,895 ",3 Beds,https://www.apartments.com/5801-fawn-meadow-trail-arlington-tx/dj1b9ql/
"6720 Bighorn Ridge Arlington, TX 76002","6720 Bighorn Ridge Arlington, TX 76002","$2,180 ",3 Beds,https://www.apartments.com/6720-bighorn-ridge-arlington-tx/zh43h4x/
"921 W Lynn Creek Dr Arlington, TX 76001","921 W Lynn Creek Dr Arlington, TX 76001","$2,000 ",3 Beds,https://www.apartments.com/921-w-lynn-creek-dr-arlington-tx/evgxfcm/
"7528 Beckwood Dr Fort Worth, TX 76112","7528 Beckwood Dr Fort Worth, TX 76112","$1,755 ",3 Beds,https://www.apartments.com/7528-beckwood-dr-fort-worth-tx/qyj781z/
"2529 Tiber River Ln Grand Prairie, TX 75052","2529 Tiber River Ln Grand Prairie, TX 75052","$2,150 ",3 Beds,https://www.apartments.com/2529-tiber-river-ln-grand-prairie-tx/13c2mt4/
"6027 Guilia Dr Grand Prairie, TX 75052","6027 Guilia Dr Grand Prairie, TX 75052","$2,100 ",3 Beds,https://www.apartments.com/6027-guilia-dr-grand-prairie-tx/g5v4mxy/
"4978 Briar Oaks Ln Grand Prairie, TX 75052","4978 Briar Oaks Ln Grand Prairie, TX 75052","$2,200 ",3 Beds,https://www.apartments.com/4978-briar-oaks-ln-grand-prairie-tx/j0dnzd7/
"2609 Chatham Ct Grand Prairie, TX 75052","2609 Chatham Ct Grand Prairie, TX 75052","$2,385 ",4 Beds,https://www.apartments.com/2609-chatham-ct-grand-prairie-tx/91ceyy7/
"7521 Kingsmill Terrace Fort Worth, TX 76112","7521 Kingsmill Terrace Fort Worth, TX 76112","$1,810 ",3 Beds,https://www.apartments.com/7521-kingsmill-terrace-fort-worth-tx/6s4dxwv/
"4140 Norway Ln Grand Prairie, TX 75052","4140 Norway Ln Grand Prairie, TX 75052","$2,175 ",3 Beds,https://www.apartments.com/4140-norway-ln-grand-prairie-tx/v081z7g/
"4349 Presto Cir Grand Prairie, TX 75052","4349 Presto Cir Grand Prairie, TX 75052","$2,010 ",4 Beds,https://www.apartments.com/4349-presto-cir-grand-prairie-tx/4qkldnl/
"3149 Pine Valley Dr Grand Prairie, TX 75052","3149 Pine Valley Dr Grand Prairie, TX 75052","$2,510 ",4 Beds,https://www.apartments.com/3149-pine-valley-dr-grand-prairie-tx/t1h3cz8/
"1108 St Ann Dr Mansfield, TX 76063","1108 St Ann Dr Mansfield, TX 76063","$2,999 ",4 Beds,https://www.apartments.com/4-br-35-bath-house-1108-saint-ann-dr-mansfield-tx/5xbb15n/
"1803 Fairfax Dr Mansfield, TX 76063","1803 Fairfax Dr Mansfield, TX 76063","$2,299 ",4 Beds,https://www.apartments.com/1803-fairfax-dr-mansfield-tx/057vrk1/
"3933 Fernando Dr Euless, TX 76040","3933 Fernando Dr Euless, TX 76040","$1,895 ",3 Beds,https://www.apartments.com/3-br-25-bath-house-3933-fernando-drive-euless-tx/2rh4pg8/
"7933 Bermejo Rd Fort Worth, TX 76112","7933 Bermejo Rd Fort Worth, TX 76112","$1,800 ",3 Beds,https://www.apartments.com/7933-bermejo-rd-fort-worth-tx/t0t0mjc/
"1428 New Haven Dr Mansfield, TX 76063","1428 New Haven Dr Mansfield, TX 76063","$2,400 ",4 Beds,https://www.apartments.com/1428-new-haven-dr-mansfield-mansfield-tx/0rcdk80/
"602 Hodges Dr Euless, TX 76040","602 Hodges Dr Euless, TX 76040","$1,820 ",3 Beds,https://www.apartments.com/602-hodges-dr-euless-tx/sjfs4l5/
"5932 Maceo Ln Fort Worth, TX 76112","5932 Maceo Ln Fort Worth, TX 76112","$1,625 ",3 Beds,https://www.apartments.com/5932-maceo-ln-fort-worth-tx/r2jvxt3/
"216 Lantana Dr Arlington, TX 76018","216 Lantana Dr Arlington, TX 76018","$1,875 ",3 Beds,https://www.apartments.com/216-lantana-dr-arlington-tx/yc2gt7t/
"7806 Calgary Ln Arlington, TX 76001","7806 Calgary Ln Arlington, TX 76001","$2,625 ",4 Beds,https://www.apartments.com/7806-calgary-ln-arlington-tx/s7jxr25/
"803 Crystal Creek Ln Arlington, TX 76001","803 Crystal Creek Ln Arlington, TX 76001","$1,940 ",3 Beds,https://www.apartments.com/803-crystal-creek-ln-arlington-tx/gyte2fx/
"6623 Beryl Dr Arlington, TX 76002","6623 Beryl Dr Arlington, TX 76002","$2,440 ",4 Beds,https://www.apartments.com/6623-beryl-dr-arlington-tx/44fqb2j/
"6706 Sandgate Dr Arlington, TX 76002","6706 Sandgate Dr Arlington, TX 76002","$2,200 ",3 Beds,https://www.apartments.com/6706-sandgate-dr-arlington-tx/6cknxcv/
"2206 Sharpshire Ln Arlington, TX 76014","2206 Sharpshire Ln Arlington, TX 76014","$1,925 ",3 Beds,https://www.apartments.com/2206-sharpshire-ln-arlington-tx/mf7lyrh/
"6202 High Country Trail Arlington, TX 76016","6202 High Country Trail Arlington, TX 76016","$2,125 ",3 Beds,https://www.apartments.com/6202-high-country-trail-arlington-tx/sjs4jl4/
"820 Quail Brook Dr Arlington, TX 76001","820 Quail Brook Dr Arlington, TX 76001","$1,900 ",3 Beds,https://www.apartments.com/820-quail-brook-dr-arlington-tx/crzp06d/
"1809 Corriander Trail Arlington, TX 76010","1809 Corriander Trail Arlington, TX 76010","$2,340 ",3 Beds,https://www.apartments.com/1809-corriander-trail-arlington-tx/w8yvrfk/
"825 Pryor Dr Arlington, TX 76001","825 Pryor Dr Arlington, TX 76001","$2,405 ",4 Beds,https://www.apartments.com/825-pryor-dr-arlington-tx/m3d0eql/
"6730 Meadowcrest Dr Arlington, TX 76002","6730 Meadowcrest Dr Arlington, TX 76002","$2,185 ",3 Beds,https://www.apartments.com/6730-meadowcrest-dr-arlington-tx/s6sfnc4/
"6004 Team Ct Arlington, TX 76018","6004 Team Ct Arlington, TX 76018","$2,480 ",4 Beds,https://www.apartments.com/6004-team-ct-arlington-tx/fw4cnvt/
"5105 Fairmount Dr Arlington, TX 76017","5105 Fairmount Dr Arlington, TX 76017","$1,940 ",3 Beds,https://www.apartments.com/5105-fairmount-dr-arlington-tx/h1ln0c1/
"5629 Wembley Downs Dr Arlington, TX 76017","5629 Wembley Downs Dr Arlington, TX 76017","$2,200 ",4 Beds,https://www.apartments.com/5629-wembley-downs-dr-arlington-tx/dpd97bl/
"7503 Quail Ridge Dr Arlington, TX 76002","7503 Quail Ridge Dr Arlington, TX 76002","$2,085 ",3 Beds,https://www.apartments.com/7503-quail-ridge-dr-arlington-tx/h6gn733/
"1418 Ardmore Dr Arlington, TX 76018","1418 Ardmore Dr Arlington, TX 76018","$1,960 ",3 Beds,https://www.apartments.com/1418-ardmore-dr-arlington-tx/r6nbfl0/
"1717 Quinlan Ct Arlington, TX 76018","1717 Quinlan Ct Arlington, TX 76018","$1,815 ",3 Beds,https://www.apartments.com/1717-quinlan-ct-arlington-tx/mnpy9jh/
"7802 Mason Dells Dr Arlington, TX 76001","7802 Mason Dells Dr Arlington, TX 76001","$2,475 ",3 Beds,https://www.apartments.com/7802-mason-dells-dr-arlington-tx/jer7bf6/
"640 Tabasco Trail Arlington, TX 76002","640 Tabasco Trail Arlington, TX 76002","$2,470 ",4 Beds,https://www.apartments.com/640-tabasco-trail-arlington-tx/9c3zdm4/
"1018 Palos Verdes Blvd Arlington, TX 76017","1018 Palos Verdes Blvd Arlington, TX 76017","$2,525 ",4 Beds,https://www.apartments.com/1018-palos-verdes-blvd-arlington-tx/bcrry3c/
"5927 Rock Meadow Trail Arlington, TX 76017","5927 Rock Meadow Trail Arlington, TX 76017","$1,950 ",3 Beds,https://www.apartments.com/5927-rock-meadow-trail-arlington-tx/m5e4ftl/
"6918 Meadow Bend Dr Arlington, TX 76002","6918 Meadow Bend Dr Arlington, TX 76002","$2,325 ",4 Beds,https://www.apartments.com/6918-meadow-bend-dr-arlington-tx/v156pee/
"6204 Gettysburg Dr Arlington, TX 76002","6204 Gettysburg Dr Arlington, TX 76002","$1,945 ",3 Beds,https://www.apartments.com/6204-gettysburg-dr-arlington-tx/wj6vf9l/
"6715 Oregon Trail Arlington, TX 76002","6715 Oregon Trail Arlington, TX 76002","$1,930 ",3 Beds,https://www.apartments.com/6715-oregon-trail-arlington-tx/xsv4blm/
"6708 Greenspring Dr Arlington, TX 76016","6708 Greenspring Dr Arlington, TX 76016","$2,035 ",3 Beds,https://www.apartments.com/6708-greenspring-dr-arlington-tx/xrz4ccm/
"2910 Janet Cir Arlington, TX 76013","2910 Janet Cir Arlington, TX 76013","$2,300 ",3 Beds,https://www.apartments.com/2910-janet-cir-arlington-arlington-tx/jdme0t4/
"3705 Hialeah Dr Arlington, TX 76017","3705 Hialeah Dr Arlington, TX 76017","$2,200 ",3 Beds,https://www.apartments.com/3705-hialeah-dr-arlington-arlington-tx/kelms5b/
"4509 Rockland Dr Arlington, TX 76016","4509 Rockland Dr Arlington, TX 76016","$2,735 ",5 Beds,https://www.apartments.com/5-br-25-bath-house-4509-rockland-dr-arlington-tx/kyrjs29/
"5315 Vincennes Ct Arlington, TX 76017","5315 Vincennes Ct Arlington, TX 76017","$1,800 ",3 Beds,https://www.apartments.com/3-br-2-bath-house-5315-vincennes-ct-arlington-tx/e6d3l4m/
"2304 Westwood Dr Arlington, TX 76012","2304 Westwood Dr Arlington, TX 76012","$3,500 ",3 Beds,https://www.apartments.com/3-br-25-bath-house-2304-westwood-drive-arlington-tx/vtyn7bg/
"6228 Kelly Elliott Rd Arlington, TX 76001","6228 Kelly Elliott Rd Arlington, TX 76001","$3,700 ",3 Beds,https://www.apartments.com/6228-kelly-elliott-rd-arlington-tx/1tkh4z5/
"809 Bahar Ct Arlington, TX 76010","809 Bahar Ct Arlington, TX 76010","$2,450 ",4 Beds,https://www.apartments.com/available-now-for-a-self-guided-tour-arlington-tx/t4j9en8/
"8000 Stowe Springs Ln Arlington, TX 76002","8000 Stowe Springs Ln Arlington, TX 76002","$3,295 ",5 Beds,https://www.apartments.com/charming-5-bedroom-in-arlington-arlington-tx/7x09e8x/
"7407 Columbia Dr Arlington, TX 76016","7407 Columbia Dr Arlington, TX 76016","$2,035 ",4 Beds,https://www.apartments.com/4-br-2-bath-house-7407-columbia-dr-arlington-tx/enqeq3m/
"5715 Woodsetter Ct Arlington, TX 76017","5715 Woodsetter Ct Arlington, TX 76017","$1,800 ",3 Beds,https://www.apartments.com/5715-woodsetter-ct-arlington-tx/76jmqvz/
"320 Valley Spring Dr Arlington, TX 76018","320 Valley Spring Dr Arlington, TX 76018","$2,070 ",4 Beds,https://www.apartments.com/320-valley-spring-dr-arlington-tx/45yedmh/
"2018 W Randol Mill Rd Arlington, TX 76012","2018 W Randol Mill Rd Arlington, TX 76012","$2,230 ",3 Beds,https://www.apartments.com/lovely-3-bedroom-2-bathroom-home-with-lar-arlington-tx/7zm9f0x/
"2105 Calico Ln Arlington, TX 76011","2105 Calico Ln Arlington, TX 76011","$1,400 ",2 Beds,https://www.apartments.com/2-br-2-bath-house-2105-calico-2714-arlington-tx/rqbrdl2/
"3815 Foxfire Dr Arlington, TX 76017","3815 Foxfire Dr Arlington, TX 76017","$2,495 ",3 Beds,https://www.apartments.com/3815-foxfire-dr-arlington-tx/jt1s6j6/
"7911 Peregrine Trail Arlington, TX 76002","7911 Peregrine Trail Arlington, TX 76002","$2,450 ",4 Beds,https://www.apartments.com/7911-peregrine-trail-arlington-tx/xnbcxjn/
"1420 Raines St Arlington, TX 76010","1420 Raines St Arlington, TX 76010","$1,900 ",3 Beds,https://www.apartments.com/1420-raines-st-arlington-tx/5n9lxvn/
"5209 La Viva Ln Arlington, TX 76017","5209 La Viva Ln Arlington, TX 76017","$2,438 ",4 Beds,https://www.apartments.com/4-br-2-bath-house-5209-la-viva-ln-arlington-tx/1cz8dd7/
"6610 Tabor Dr Arlington, TX 76002","6610 Tabor Dr Arlington, TX 76002","$2,100 ",3 Beds,https://www.apartments.com/6610-tabor-dr-arlington-tx/q9mwfjy/
"905 Freshwood Ct Arlington, TX 76017","905 Freshwood Ct Arlington, TX 76017","$1,900 ",4 Beds,https://www.apartments.com/905-freshwood-ct-arlington-arlington-tx/8elqnh2/
"5806 Homestead Ct Arlington, TX 76017","5806 Homestead Ct Arlington, TX 76017","$2,380 ",4 Beds,https://www.apartments.com/5806-homestead-ct-arlington-tx/rfx7pm3/
"1617 Beach Ln Arlington, TX 76014","1617 Beach Ln Arlington, TX 76014","$1,775 ",2 Beds,https://www.apartments.com/townhome-for-rent-in-arlington-arlington-tx/6zw1w8v/
"6209 Cool Springs Dr Arlington, TX 76001","6209 Cool Springs Dr Arlington, TX 76001","$2,150 ",3 Beds,https://www.apartments.com/6209-cool-springs-dr-arlington-arlington-tx/s9442p7/
"821 Underhill Dr Arlington, TX 76002","821 Underhill Dr Arlington, TX 76002","$2,635 ",4 Beds,https://www.apartments.com/821-underhill-dr-arlington-tx/hcspj83/
"1804 Corvallis Ct Arlington, TX 76006","1804 Corvallis Ct Arlington, TX 76006","$3,200 ",5 Beds,https://www.apartments.com/5-br-25-bath-house-1804-corvallis-court-arlington-tx/vyp632e/
"8415 River Bluffs Dr Arlington, TX 76002","8415 River Bluffs Dr Arlington, TX 76002","$2,110 ",3 Beds,https://www.apartments.com/3-br-2-bath-house-8415-river-bluffs-drive-arlington-tx/q9jh3vy/
"5810 Cedar Ridge Dr Arlington, TX 76017","5810 Cedar Ridge Dr Arlington, TX 76017","$1,800 ",3 Beds,https://www.apartments.com/reduced-arlington-tx/89dzkq2/
"6509 Eldorado Dr Arlington, TX 76001","6509 Eldorado Dr Arlington, TX 76001","$2,100 ",3 Beds,https://www.apartments.com/reduced-arlington-tx/0s6spy2/
"809 McKinney St Arlington, TX 76012","809 McKinney St Arlington, TX 76012","$1,650 ",3 Beds,https://www.apartments.com/3-br-2-bath-house-809-mckinney-arlington-tx/demwjxl/
"2105 Belton Dr Arlington, TX 76018","2105 Belton Dr Arlington, TX 76018","$3,900 ",5 Beds,https://www.apartments.com/5-br-3-bath-house-2105-belton-dr-arlington-tx/x28thxn/
"8011 Mosstree Dr Arlington, TX 76001","8011 Mosstree Dr Arlington, TX 76001","$1,850 ",3 Beds,https://www.apartments.com/8011-mosstree-dr-arlington-tx/khhzccc/
"5210 Livermore Dr Arlington, TX 76017","5210 Livermore Dr Arlington, TX 76017","$1,965 ",3 Beds,https://www.apartments.com/now-available-5210-livermore-dr-arlingto-arlington-tx/ng9e2mm/
"5912 Fawn Meadow Trail Arlington, TX 76017","5912 Fawn Meadow Trail Arlington, TX 76017","$2,070 ",3 Beds,https://www.apartments.com/now-available-5912-fawn-meadow-trail-arl-arlington-tx/7k8jhfy/
"304 Helen Dr Arlington, TX 76011","304 Helen Dr Arlington, TX 76011","$2,095 ",3 Beds,https://www.apartments.com/304-helen-dr-arlington-tx/qh21kkz/
"620 Oakwood Ln Arlington, TX 76012","620 Oakwood Ln Arlington, TX 76012","$2,150 ",3 Beds,https://www.apartments.com/3-br-2-bath-house-620-oakwood-ln-arlington-tx/m9pbtbh/
"2728 Jewell Dr Arlington, TX 76016","2728 Jewell Dr Arlington, TX 76016","$2,045 ",3 Beds,https://www.apartments.com/available-now-arlington-tx/0pjhdz3/
"1021 Danforth Ct Arlington, TX 76017","1021 Danforth Ct Arlington, TX 76017","$2,100 ",3 Beds,https://www.apartments.com/freshly-renovated-arlington-tx/k3pdd0b/
"832 Ashmount Ln Arlington, TX 76017","832 Ashmount Ln Arlington, TX 76017","$2,360 ",3 Beds,https://www.apartments.com/home-for-rent-arlington-tx/wr3wnwk/
"7405 Fossil Garden Dr Arlington, TX 76002","7405 Fossil Garden Dr Arlington, TX 76002","$2,275 ",3 Beds,https://www.apartments.com/7405-fossil-garden-dr-arlington-arlington-tx/rwngmk3/
"2703 Blackwood Dr Arlington, TX 76013","2703 Blackwood Dr Arlington, TX 76013","$2,320 ",3 Beds,https://www.apartments.com/reduced-spacious-3-bedroom-in-arlington-arlington-tx/y2e920s/
"1819 Briar Meadow Dr Arlington, TX 76014","1819 Briar Meadow Dr Arlington, TX 76014","$2,170 ",4 Beds,https://www.apartments.com/1819-briar-meadow-dr-arlington-tx/6mz479s/
"4510 Lone Oak Dr Arlington, TX 76017","4510 Lone Oak Dr Arlington, TX 76017","$2,215 ",3 Beds,https://www.apartments.com/reduced-3-bedroom-in-arlington-arlington-tx/920br26/
"6001 James River Dr Arlington, TX 76018","6001 James River Dr Arlington, TX 76018","$1,950 ",3 Beds,https://www.apartments.com/6001-james-river-dr-arlington-arlington-tx/jv562n6/
"3704 Halifax Dr Arlington, TX 76013","3704 Halifax Dr Arlington, TX 76013","$2,350 ",4 Beds,https://www.apartments.com/4-br-2-bath-house-3704-halifax-drive-arlington-tx/89jbqh2/
"6736 Bighorn Ridge Arlington, TX 76002","6736 Bighorn Ridge Arlington, TX 76002","$2,145 ",3 Beds,https://www.apartments.com/6736-bighorn-ridge-arlington-tx/4vfqq9h/
"817 Netherland Dr Arlington, TX 76017","817 Netherland Dr Arlington, TX 76017","$1,678 ",3 Beds,https://www.apartments.com/3-br-2-bath-house-817-netherland-dr-arlington-tx/xnmgwjp/
"6014 Hollyleaf Dr Arlington, TX 76017","6014 Hollyleaf Dr Arlington, TX 76017","$2,050 ",3 Beds,https://www.apartments.com/6014-hollyleaf-dr-arlington-arlington-tx/4rwln1k/
"3001 Mark Dr Arlington, TX 76013","3001 Mark Dr Arlington, TX 76013","$2,375 ",3 Beds,https://www.apartments.com/3001-mark-dr-arlington-arlington-tx/b65x3n8/
"2807 Bonneville Dr Arlington, TX 76016","2807 Bonneville Dr Arlington, TX 76016","$2,310 ",3 Beds,https://www.apartments.com/charming-3br-2ba-home-with-a-2-car-garage-arlington-tx/rdggj81/
"208 Shady Brook Dr Arlington, TX 76002","208 Shady Brook Dr Arlington, TX 76002","$2,265 ",4 Beds,https://www.apartments.com/spacious-4-bedroom-home-in-arlington-arlington-tx/4s7tp7j/
"1500 Carswell Terrace Arlington, TX 76010","1500 Carswell Terrace Arlington, TX 76010","$1,600 ",3 Beds,https://www.apartments.com/1500-carswell-terrace-arlington-tx/33xwlje/
"2716 Hemingway Dr Grand Prairie, TX 75052","2716 Hemingway Dr Grand Prairie, TX 75052","$2,345 ",4 Beds,https://www.apartments.com/2716-hemingway-dr-grand-prairie-tx/gnfn6qx/
"12783 Honey Locust Cir Euless, TX 76040","12783 Honey Locust Cir Euless, TX 76040","$2,999 ",5 Beds,https://www.apartments.com/12783-honey-locust-cir-euless-tx/6h401yr/
"2811 Harvard Dr Grand Prairie, TX 75052","2811 Harvard Dr Grand Prairie, TX 75052","$2,345 ",3 Beds,https://www.apartments.com/2811-harvard-dr-grand-prairie-tx/jjvtwv5/
"4133 Scotland Dr Grand Prairie, TX 75052","4133 Scotland Dr Grand Prairie, TX 75052","$2,365 ",3 Beds,https://www.apartments.com/spacious-3-bedroom-in-grand-prairie-grand-prairie-tx/kspzem8/
"2720 Triple Crown Ln Grand Prairie, TX 75051","2720 Triple Crown Ln Grand Prairie, TX 75051","$2,160 ",4 Beds,https://www.apartments.com/2720-triple-crown-ln-grand-prairie-tx/jg0w146/
"2613 Bennington Ct Grand Prairie, TX 75052","2613 Bennington Ct Grand Prairie, TX 75052","$2,265 ",3 Beds,https://www.apartments.com/reduced-grand-prairie-tx/672ge2v/
"1913 San Antonio St Grand Prairie, TX 75051","1913 San Antonio St Grand Prairie, TX 75051","$1,850 ",4 Beds,https://www.apartments.com/san-antonio-st-grand-prairie-tx/j8rt4e7/
"902 Cannon Dr Euless, TX 76040","902 Cannon Dr Euless, TX 76040","$1,650 ",3 Beds,https://www.apartments.com/902-cannon-dr-euless-tx/ctrde1f/
"2968 Celian Dr Grand Prairie, TX 75052","2968 Celian Dr Grand Prairie, TX 75052","$2,295 ",4 Beds,https://www.apartments.com/2968-celian-dr-grand-prairie-tx/khcg2r9/
"1537 Cozy Dr Fort Worth, TX 76120","1537 Cozy Dr Fort Worth, TX 76120","$1,775 ",3 Beds,https://www.apartments.com/1537-cozy-dr-fort-worth-tx/32whkzg/
"5905 Maceo Ln Fort Worth, TX 76112","5905 Maceo Ln Fort Worth, TX 76112","$1,845 ",3 Beds,https://www.apartments.com/5905-maceo-ln-fort-worth-tx/y8nqn3r/
"1604 Brittany Ln Mansfield, TX 76063","1604 Brittany Ln Mansfield, TX 76063","$2,715 ",4 Beds,https://www.apartments.com/1604-brittany-ln-mansfield-tx/v3dmz3f/
"5748 Derek Way Grand Prairie, TX 75052","5748 Derek Way Grand Prairie, TX 75052","$3,450 ",4 Beds,https://www.apartments.com/4-br-35-bath-house-5748-derek-way-grand-prairie-tx/bzv8vrc/
"1804 Lucas Dr Fort Worth, TX 76112","1804 Lucas Dr Fort Worth, TX 76112","$1,300 ",3 Beds,https://www.apartments.com/3-br-1-bath-house-1804-lucas-dr-fort-worth-tx/dl1e7gk/
"5605 Richardson St Fort Worth, TX 76119","5605 Richardson St Fort Worth, TX 76119","$2,145 ",6 Beds,https://www.apartments.com/6-br-3-bath-house-5605-richardson-street-fort-worth-tx/zk08qdy/
"5529 Eagle Point Dr Fort Worth, TX 76119","5529 Eagle Point Dr Fort Worth, TX 76119","$1,650 ",3 Beds,https://www.apartments.com/enchanted-bay-5529-eagle-point-dr-fort-fort-worth-tx/7wn2dbw/
"205 Sulphur St Kennedale, TX 76060","205 Sulphur St Kennedale, TX 76060","$2,285 ",3 Beds,https://www.apartments.com/205-sulphur-st-kennedale-tx/mzrcq9l/
"4517 Marblearch Dr Grand Prairie, TX 75052","4517 Marblearch Dr Grand Prairie, TX 75052","$2,425 ",4 Beds,https://www.apartments.com/charming-4-bedroom-in-grand-prairie-grand-prairie-tx/zp7cq2y/